{
  "version": 1,
  "saved_at": 1769522725.3529367,
  "presets": {
    "1": {
      "fans": [
        52,
        0,
        0,
        0,
        0,
        0,
        0,
        0
      ],
      "pump": 0,
      "heat": false,
      "fog": false,
      "ts": 1769522691.8230011
    },
    "2": {
      "fans": [
        52,
        170,
        0,
        0,
        0,
        0,
        0,
        0
      ],
      "pump": 0,
      "heat": false,
      "fog": false,
      "ts": 1769522701.792967
    },
    "3": {
      "fans": [
        52,
        170,
        125,
        0,
        0,
        0,
        0,
        0
      ],
      "pump": 0,
      "heat": false,
      "fog": false,
      "ts": 1769522708.672909
    },
    "4": {
      "fans": [
        52,
        170,
        125,
        255,
        0,
        0,
        0,
        0
      ],
      "pump": 0,
      "heat": false,
      "fog": false,
      "ts": 1769522714.4629061
    },
    "5": {
      "fans": [
        53,
        170,
        125,
        255,
        108,
        0,
        0,
        0
      ],
      "pump": 111,
      "heat": false,
      "fog": false,
      "ts": 1769522725.3528845
    }
  }
}