{
  "version": 1,
  "saved_at": 1769788928.3060973,
  "ui_max": 100,
  "fan_min_pwm": 75,
  "fan_max_pwm": 255,
  "presets": {
    "1": {
      "fans": [
        43,
        5,
        0,
        0,
        0,
        0,
        0,
        0
      ],
      "pump": 49,
      "heat": false,
      "fog": false,
      "ts": 1769788928.3060255
    },
    "2": null,
    "3": null,
    "4": {
      "fans": [
        100,
        0,
        0,
        0,
        0,
        0,
        0,
        0
      ],
      "pump": 0,
      "heat": false,
      "fog": false,
      "ts": 1769788461.4744387
    },
    "5": null
  }
}